,Experimental_PCE_(%),Predicted_PCE_(%)
0,0.665,0.735
1,0.606,0.735
2,0.361,0.735
3,0.398,0.735
4,0.683,0.735
5,0.621,0.735
6,0.636,0.735
7,0.832,0.735
8,0.752,0.735
9,0.765,0.735
10,0.690,0.735
11,0.397,0.735
12,0.417,0.735
13,0.702,0.735
14,0.689,0.735
15,0.462,0.735
16,0.620,0.735
17,0.154,0.735
18,0.729,0.736
19,0.432,0.735
20,0.606,0.735
21,0.354,0.735
22,0.799,0.735
23,0.832,0.735
24,0.768,0.735
25,0.228,0.735
26,0.787,0.735
27,0.617,0.735
28,0.533,0.735
29,0.715,0.735
30,0.004,0.735
31,0.952,0.735
32,0.592,0.735
33,0.693,0.735
34,0.529,0.735
35,0.878,0.735
36,0.325,0.735
37,0.433,0.735
38,0.400,0.735
39,0.533,0.735
40,0.761,0.735
41,0.737,0.735
42,0.723,0.735
43,0.040,0.736
44,0.852,0.735
